Karina Pereira;10000000001;karina.pereira1@email.com;(31) 970874695
André Santos;10000000002;andré.santos2@email.com;(31) 966388675
Eduarda Teixeira;10000000003;eduarda.teixeira3@email.com;(31) 928056480
João Souza;10000000004;joão.souza4@email.com;(31) 931761869
Henrique Fernandes;10000000005;henrique.fernandes5@email.com;(31) 910114422
Camila Martins;10000000006;camila.martins6@email.com;(31) 939521046
Nicolas Monteiro;10000000007;nicolas.monteiro7@email.com;(31) 985916796
Daniel Ribeiro;10000000008;daniel.ribeiro8@email.com;(31) 930394746
Guilherme Batista;10000000009;guilherme.batista9@email.com;(31) 963216410
Ana Freitas;10000000010;ana.freitas10@email.com;(31) 999498694
Luiz Melo;10000000011;luiz.melo11@email.com;(31) 986381828
Henrique Martins;10000000012;henrique.martins12@email.com;(31) 982429414
Daniel Nogueira;10000000013;daniel.nogueira13@email.com;(31) 955860411
Guilherme Fonseca;10000000014;guilherme.fonseca14@email.com;(31) 925935416
Felipe Lima;10000000015;felipe.lima15@email.com;(31) 971203950
Ricardo Monteiro;10000000016;ricardo.monteiro16@email.com;(31) 953751352
Guilherme Rodrigues;10000000017;guilherme.rodrigues17@email.com;(31) 921048275
Fernando Barbosa;10000000018;fernando.barbosa18@email.com;(31) 970713848
Patrícia Fernandes;10000000019;patrícia.fernandes19@email.com;(31) 916370411
Elaine Teixeira;10000000020;elaine.teixeira20@email.com;(31) 915576354
Paula Souza;10000000021;paula.souza21@email.com;(31) 945989484
Elaine Costa;10000000022;elaine.costa22@email.com;(31) 995206881
Elaine Dias;10000000023;elaine.dias23@email.com;(31) 949220701
Larissa Cavalcante;10000000024;larissa.cavalcante24@email.com;(31) 928162463
Vanessa Rodrigues;10000000025;vanessa.rodrigues25@email.com;(31) 955380442
Camila Nogueira;10000000026;camila.nogueira26@email.com;(31) 922913863
Quezia Nogueira;10000000027;quezia.nogueira27@email.com;(31) 981876842
Maria Vieira;10000000028;maria.vieira28@email.com;(31) 939140826
Isabela Silva;10000000029;isabela.silva29@email.com;(31) 967636815
Carla Gomes;10000000030;carla.gomes30@email.com;(31) 962556978
Fernando Cardoso;10000000031;fernando.cardoso31@email.com;(31) 962440265
Ana Fernandes;10000000032;ana.fernandes32@email.com;(31) 966724774
Daniel Rocha;10000000033;daniel.rocha33@email.com;(31) 967604846
Orlando Pereira;10000000034;orlando.pereira34@email.com;(31) 986073246
Maria Ribeiro;10000000035;maria.ribeiro35@email.com;(31) 958343248
Ricardo Barbosa;10000000036;ricardo.barbosa36@email.com;(31) 910212389
Ricardo Gomes;10000000037;ricardo.gomes37@email.com;(31) 913625124
Otávio Neves;10000000038;otávio.neves38@email.com;(31) 946326328
Guilherme Oliveira;10000000039;guilherme.oliveira39@email.com;(31) 999571807
Igor Santos;10000000040;igor.santos40@email.com;(31) 914468143
Otávio Cardoso;10000000041;otávio.cardoso41@email.com;(31) 951495328
Quezia Vieira;10000000042;quezia.vieira42@email.com;(31) 950796250
Vanessa Gomes;10000000043;vanessa.gomes43@email.com;(31) 994828120
André Costa;10000000044;andré.costa44@email.com;(31) 969120990
Nicolas Freitas;10000000045;nicolas.freitas45@email.com;(31) 957611252
Eduarda Pereira;10000000046;eduarda.pereira46@email.com;(31) 943546788
Paula Teixeira;10000000047;paula.teixeira47@email.com;(31) 977952305
Felipe Santos;10000000048;felipe.santos48@email.com;(31) 915540442
Luiz Rodrigues;10000000049;luiz.rodrigues49@email.com;(31) 939574136
Luiz Almeida;10000000050;luiz.almeida50@email.com;(31) 942918608
Bruno Souza;10000000051;bruno.souza51@email.com;(31) 939771184
Diego Melo;10000000052;diego.melo52@email.com;(31) 948301762
Isabela Barbosa;10000000053;isabela.barbosa53@email.com;(31) 979325302
Juliana Freitas;10000000054;juliana.freitas54@email.com;(31) 939395829
Tiago Machado;10000000055;tiago.machado55@email.com;(31) 919861132
Sofia Pereira;10000000056;sofia.pereira56@email.com;(31) 968432998
Quezia Silva;10000000057;quezia.silva57@email.com;(31) 939151745
Marcos Fernandes;10000000058;marcos.fernandes58@email.com;(31) 918103133
Gabriela Cavalcante;10000000059;gabriela.cavalcante59@email.com;(31) 916039915
Daniel Oliveira;10000000060;daniel.oliveira60@email.com;(31) 918329236
Camila Freitas;10000000061;camila.freitas61@email.com;(31) 955953969
Eduarda Barbosa;10000000062;eduarda.barbosa62@email.com;(31) 981503388
Gabriela Melo;10000000063;gabriela.melo63@email.com;(31) 980602573
Sofia Vieira;10000000064;sofia.vieira64@email.com;(31) 963590655
Felipe Fonseca;10000000065;felipe.fonseca65@email.com;(31) 999951821
Igor Lima;10000000066;igor.lima66@email.com;(31) 957826898
Henrique Almeida;10000000067;henrique.almeida67@email.com;(31) 928549852
Ricardo Fernandes;10000000068;ricardo.fernandes68@email.com;(31) 919293684
Igor Costa;10000000069;igor.costa69@email.com;(31) 989430478
Pedro Ribeiro;10000000070;pedro.ribeiro70@email.com;(31) 937468159
André Cardoso;10000000071;andré.cardoso71@email.com;(31) 957222836
Larissa Martins;10000000072;larissa.martins72@email.com;(31) 936984662
Pedro Gomes;10000000073;pedro.gomes73@email.com;(31) 957291944
Nicolas Rodrigues;10000000074;nicolas.rodrigues74@email.com;(31) 939088461
Bruno Barbosa;10000000075;bruno.barbosa75@email.com;(31) 952840810
Carla Fonseca;10000000076;carla.fonseca76@email.com;(31) 972079108
Ana Teixeira;10000000077;ana.teixeira77@email.com;(31) 941520025
Marcos Ribeiro;10000000078;marcos.ribeiro78@email.com;(31) 926119834
Luiz Silva;10000000079;luiz.silva79@email.com;(31) 910487693
Tiago Barbosa;10000000080;tiago.barbosa80@email.com;(31) 955403462
Elaine Silva;10000000081;elaine.silva81@email.com;(31) 994659211
Guilherme Moreira;10000000082;guilherme.moreira82@email.com;(31) 963852613
Maria Fonseca;10000000083;maria.fonseca83@email.com;(31) 928222166
Fernando Pereira;10000000084;fernando.pereira84@email.com;(31) 985372803
Eduarda Melo;10000000085;eduarda.melo85@email.com;(31) 965693853
Felipe Teixeira;10000000086;felipe.teixeira86@email.com;(31) 932641955
Pedro Vieira;10000000087;pedro.vieira87@email.com;(31) 986622938
Paula Santos;10000000088;paula.santos88@email.com;(31) 918761488
Larissa Pereira;10000000089;larissa.pereira89@email.com;(31) 932251752
Vanessa Martins;10000000090;vanessa.martins90@email.com;(31) 963432075
Marcos Teixeira;10000000091;marcos.teixeira91@email.com;(31) 990733046
Guilherme Rocha;10000000092;guilherme.rocha92@email.com;(31) 975468795
Paula Rocha;10000000093;paula.rocha93@email.com;(31) 965833560
Juliana Almeida;10000000094;juliana.almeida94@email.com;(31) 992328889
Gabriela Ribeiro;10000000095;gabriela.ribeiro95@email.com;(31) 912525684
Luiz Cardoso;10000000096;luiz.cardoso96@email.com;(31) 938295101
Daniel Monteiro;10000000097;daniel.monteiro97@email.com;(31) 950456032
Marcos Rocha;10000000098;marcos.rocha98@email.com;(31) 965466015
André Machado;10000000099;andré.machado99@email.com;(31) 973006181
Paula Cavalcante;10000000100;paula.cavalcante100@email.com;(31) 935582012
Vanessa Batista;10000000101;vanessa.batista101@email.com;(31) 964555589
João Monteiro;10000000102;joão.monteiro102@email.com;(31) 940643121
Elaine Monteiro;10000000103;elaine.monteiro103@email.com;(31) 977715294
Pedro Santos;10000000104;pedro.santos104@email.com;(31) 920081732
Sofia Batista;10000000105;sofia.batista105@email.com;(31) 932986352
Orlando Dias;10000000106;orlando.dias106@email.com;(31) 932270557
Marcos Batista;10000000107;marcos.batista107@email.com;(31) 926688815
Pedro Neves;10000000108;pedro.neves108@email.com;(31) 995234543
Carla Moreira;10000000109;carla.moreira109@email.com;(31) 914923504
Nicolas Nogueira;10000000110;nicolas.nogueira110@email.com;(31) 938172878
Otávio Barbosa;10000000111;otávio.barbosa111@email.com;(31) 985128604
Carla Costa;10000000112;carla.costa112@email.com;(31) 938517626
Fernando Lima;10000000113;fernando.lima113@email.com;(31) 983722238
Isabela Rocha;10000000114;isabela.rocha114@email.com;(31) 911839921
Nicolas Barbosa;10000000115;nicolas.barbosa115@email.com;(31) 995139318
Guilherme Pereira;10000000116;guilherme.pereira116@email.com;(31) 968100125
Isabela Machado;10000000117;isabela.machado117@email.com;(31) 927507511
Helena Batista;10000000118;helena.batista118@email.com;(31) 985641731
Nicolas Martins;10000000119;nicolas.martins119@email.com;(31) 949778235
Camila Melo;10000000120;camila.melo120@email.com;(31) 943912848
André Oliveira;10000000121;andré.oliveira121@email.com;(31) 930089422
Isabela Freitas;10000000122;isabela.freitas122@email.com;(31) 976450822
Quezia Freitas;10000000123;quezia.freitas123@email.com;(31) 952389264
Nicolas Neves;10000000124;nicolas.neves124@email.com;(31) 936591226
Ana Ribeiro;10000000125;ana.ribeiro125@email.com;(31) 917478027
Larissa Souza;10000000126;larissa.souza126@email.com;(31) 924999558
Luiz Barbosa;10000000127;luiz.barbosa127@email.com;(31) 954076185
Guilherme Fernandes;10000000128;guilherme.fernandes128@email.com;(31) 955952910
Sofia Rodrigues;10000000129;sofia.rodrigues129@email.com;(31) 946593533
João Vieira;10000000130;joão.vieira130@email.com;(31) 938145082
Maria Rocha;10000000131;maria.rocha131@email.com;(31) 949856747
Vanessa Vieira;10000000132;vanessa.vieira132@email.com;(31) 969889998
Fernando Vieira;10000000133;fernando.vieira133@email.com;(31) 995487279
Maria Cavalcante;10000000134;maria.cavalcante134@email.com;(31) 941041710
Ricardo Cardoso;10000000135;ricardo.cardoso135@email.com;(31) 982956294
Patrícia Lima;10000000136;patrícia.lima136@email.com;(31) 928734363
Fernando Almeida;10000000137;fernando.almeida137@email.com;(31) 912290104
Natália Machado;10000000138;natália.machado138@email.com;(31) 953305497
Nicolas Melo;10000000139;nicolas.melo139@email.com;(31) 942050547
Quezia Lima;10000000140;quezia.lima140@email.com;(31) 932464794
Karina Silva;10000000141;karina.silva141@email.com;(31) 973281709
Carla Oliveira;10000000142;carla.oliveira142@email.com;(31) 940648775
Henrique Ribeiro;10000000143;henrique.ribeiro143@email.com;(31) 997323647
Patrícia Ribeiro;10000000144;patrícia.ribeiro144@email.com;(31) 932654121
Sofia Fonseca;10000000145;sofia.fonseca145@email.com;(31) 998043749
Quezia Teixeira;10000000146;quezia.teixeira146@email.com;(31) 956169262
Luiz Gomes;10000000147;luiz.gomes147@email.com;(31) 975417401
Renato Fonseca;10000000148;renato.fonseca148@email.com;(31) 919296914
Elaine Rodrigues;10000000149;elaine.rodrigues149@email.com;(31) 950361488
Paula Nogueira;10000000150;paula.nogueira150@email.com;(31) 963479356
João Batista;10000000151;joão.batista151@email.com;(31) 975186647
Fernando Rodrigues;10000000152;fernando.rodrigues152@email.com;(31) 989508743
Renato Souza;10000000153;renato.souza153@email.com;(31) 917092789
Larissa Barbosa;10000000154;larissa.barbosa154@email.com;(31) 992541971
Otávio Fernandes;10000000155;otávio.fernandes155@email.com;(31) 997743253
Tiago Costa;10000000156;tiago.costa156@email.com;(31) 971136447
Maria Cardoso;10000000157;maria.cardoso157@email.com;(31) 915743534
Sofia Almeida;10000000158;sofia.almeida158@email.com;(31) 977538200
Larissa Machado;10000000159;larissa.machado159@email.com;(31) 933060654
Diego Pereira;10000000160;diego.pereira160@email.com;(31) 987921257
Sofia Rocha;10000000161;sofia.rocha161@email.com;(31) 934023982
Luiz Santos;10000000162;luiz.santos162@email.com;(31) 949716470
Felipe Dias;10000000163;felipe.dias163@email.com;(31) 910112466
Renato Batista;10000000164;renato.batista164@email.com;(31) 963858499
Igor Fernandes;10000000165;igor.fernandes165@email.com;(31) 948829298
Isabela Ribeiro;10000000166;isabela.ribeiro166@email.com;(31) 976956066
João Silva;10000000167;joão.silva167@email.com;(31) 952101078
Diego Moreira;10000000168;diego.moreira168@email.com;(31) 922307654
Elaine Nogueira;10000000169;elaine.nogueira169@email.com;(31) 986178645
Fernando Neves;10000000170;fernando.neves170@email.com;(31) 912422371
Luiz Monteiro;10000000171;luiz.monteiro171@email.com;(31) 941592894
Gabriela Fernandes;10000000172;gabriela.fernandes172@email.com;(31) 921924122
Juliana Santos;10000000173;juliana.santos173@email.com;(31) 991185848
Gabriela Pereira;10000000174;gabriela.pereira174@email.com;(31) 921077021
Marcos Melo;10000000175;marcos.melo175@email.com;(31) 988336185
Camila Rocha;10000000176;camila.rocha176@email.com;(31) 991032585
Karina Lima;10000000177;karina.lima177@email.com;(31) 989796048
Bruno Teixeira;10000000178;bruno.teixeira178@email.com;(31) 922936455
Patrícia Moreira;10000000179;patrícia.moreira179@email.com;(31) 977051588
Nicolas Vieira;10000000180;nicolas.vieira180@email.com;(31) 947752417
Paula Moreira;10000000181;paula.moreira181@email.com;(31) 991385523
Carla Melo;10000000182;carla.melo182@email.com;(31) 940680176
Nicolas Costa;10000000183;nicolas.costa183@email.com;(31) 924639882
Bruno Silva;10000000184;bruno.silva184@email.com;(31) 970571877
Carla Lima;10000000185;carla.lima185@email.com;(31) 982580476
Otávio Freitas;10000000186;otávio.freitas186@email.com;(31) 937143440
Ricardo Moreira;10000000187;ricardo.moreira187@email.com;(31) 996739425
Maria Pereira;10000000188;maria.pereira188@email.com;(31) 942187022
Juliana Monteiro;10000000189;juliana.monteiro189@email.com;(31) 919931257
Diego Monteiro;10000000190;diego.monteiro190@email.com;(31) 942007438
Elaine Lima;10000000191;elaine.lima191@email.com;(31) 990776375
Tiago Fernandes;10000000192;tiago.fernandes192@email.com;(31) 938411665
Camila Teixeira;10000000193;camila.teixeira193@email.com;(31) 958812647
Renato Rodrigues;10000000194;renato.rodrigues194@email.com;(31) 967760393
Juliana Silva;10000000195;juliana.silva195@email.com;(31) 983533228
Fernando Santos;10000000196;fernando.santos196@email.com;(31) 980456690
Pedro Barbosa;10000000197;pedro.barbosa197@email.com;(31) 994884290
Camila Machado;10000000198;camila.machado198@email.com;(31) 983145964
Elaine Rocha;10000000199;elaine.rocha199@email.com;(31) 970481418
João Gomes;10000000200;joão.gomes200@email.com;(31) 933389742
Natália Silva;10000000201;natália.silva201@email.com;(31) 943904705
Vanessa Santos;10000000202;vanessa.santos202@email.com;(31) 980061568
Juliana Machado;10000000203;juliana.machado203@email.com;(31) 976570436
Gabriela Teixeira;10000000204;gabriela.teixeira204@email.com;(31) 927789164
Carla Ribeiro;10000000205;carla.ribeiro205@email.com;(31) 992090081
Carla Neves;10000000206;carla.neves206@email.com;(31) 952946553
Orlando Freitas;10000000207;orlando.freitas207@email.com;(31) 932283322
Sofia Costa;10000000208;sofia.costa208@email.com;(31) 949932936
Karina Vieira;10000000209;karina.vieira209@email.com;(31) 998214563
Nicolas Souza;10000000210;nicolas.souza210@email.com;(31) 965563519
Karina Costa;10000000211;karina.costa211@email.com;(31) 918970500
Nicolas Machado;10000000212;nicolas.machado212@email.com;(31) 984771771
Tiago Cardoso;10000000213;tiago.cardoso213@email.com;(31) 957829543
Quezia Pereira;10000000214;quezia.pereira214@email.com;(31) 968992497
Guilherme Barbosa;10000000215;guilherme.barbosa215@email.com;(31) 911703476
Eduarda Costa;10000000216;eduarda.costa216@email.com;(31) 945002552
Nicolas Oliveira;10000000217;nicolas.oliveira217@email.com;(31) 961570771
Felipe Rocha;10000000218;felipe.rocha218@email.com;(31) 912772983
Pedro Machado;10000000219;pedro.machado219@email.com;(31) 950057559
Sofia Moreira;10000000220;sofia.moreira220@email.com;(31) 987105287
Ana Melo;10000000221;ana.melo221@email.com;(31) 983179632
Juliana Ribeiro;10000000222;juliana.ribeiro222@email.com;(31) 958590128
Otávio Souza;10000000223;otávio.souza223@email.com;(31) 985027927
Fernando Martins;10000000224;fernando.martins224@email.com;(31) 956334139
Nicolas Fonseca;10000000225;nicolas.fonseca225@email.com;(31) 962999834
Helena Cavalcante;10000000226;helena.cavalcante226@email.com;(31) 990544424
Diego Ribeiro;10000000227;diego.ribeiro227@email.com;(31) 958680849
Luiz Costa;10000000228;luiz.costa228@email.com;(31) 938108804
Helena Gomes;10000000229;helena.gomes229@email.com;(31) 995545273
Karina Fonseca;10000000230;karina.fonseca230@email.com;(31) 957459163
Helena Fonseca;10000000231;helena.fonseca231@email.com;(31) 917430694
André Fonseca;10000000232;andré.fonseca232@email.com;(31) 993798483
Camila Cavalcante;10000000233;camila.cavalcante233@email.com;(31) 934853905
André Moreira;10000000234;andré.moreira234@email.com;(31) 939792407
Henrique Cardoso;10000000235;henrique.cardoso235@email.com;(31) 961701485
Diego Nogueira;10000000236;diego.nogueira236@email.com;(31) 996483150
Felipe Pereira;10000000237;felipe.pereira237@email.com;(31) 922842662
Sofia Machado;10000000238;sofia.machado238@email.com;(31) 915456814
Natália Moreira;10000000239;natália.moreira239@email.com;(31) 993239220
Nicolas Cardoso;10000000240;nicolas.cardoso240@email.com;(31) 949854489
André Neves;10000000241;andré.neves241@email.com;(31) 915665750
Bruno Rodrigues;10000000242;bruno.rodrigues242@email.com;(31) 989508404
Paula Vieira;10000000243;paula.vieira243@email.com;(31) 940047760
Fernando Dias;10000000244;fernando.dias244@email.com;(31) 990850647
Patrícia Neves;10000000245;patrícia.neves245@email.com;(31) 952979200
Elaine Fernandes;10000000246;elaine.fernandes246@email.com;(31) 939881466
Camila Rodrigues;10000000247;camila.rodrigues247@email.com;(31) 960474534
André Freitas;10000000248;andré.freitas248@email.com;(31) 957373207
Guilherme Freitas;10000000249;guilherme.freitas249@email.com;(31) 947171627
Pedro Cavalcante;10000000250;pedro.cavalcante250@email.com;(31) 958922638
Bruno Costa;10000000251;bruno.costa251@email.com;(31) 967315674
Gabriela Lima;10000000252;gabriela.lima252@email.com;(31) 918062066
Tiago Melo;10000000253;tiago.melo253@email.com;(31) 910302250
Camila Almeida;10000000254;camila.almeida254@email.com;(31) 917119417
Patrícia Souza;10000000255;patrícia.souza255@email.com;(31) 981166772
Fernando Souza;10000000256;fernando.souza256@email.com;(31) 998786082
Patrícia Almeida;10000000257;patrícia.almeida257@email.com;(31) 971004029
Henrique Fonseca;10000000258;henrique.fonseca258@email.com;(31) 960371492
Orlando Rocha;10000000259;orlando.rocha259@email.com;(31) 996709474
Helena Vieira;10000000260;helena.vieira260@email.com;(31) 912857015
Tiago Freitas;10000000261;tiago.freitas261@email.com;(31) 911122869
Daniel Silva;10000000262;daniel.silva262@email.com;(31) 965446104
Helena Almeida;10000000263;helena.almeida263@email.com;(31) 958385960
Henrique Oliveira;10000000264;henrique.oliveira264@email.com;(31) 965106519
Ricardo Silva;10000000265;ricardo.silva265@email.com;(31) 982853087
Camila Oliveira;10000000266;camila.oliveira266@email.com;(31) 912363282
Renato Almeida;10000000267;renato.almeida267@email.com;(31) 988265524
Tiago Neves;10000000268;tiago.neves268@email.com;(31) 947840847
Quezia Cardoso;10000000269;quezia.cardoso269@email.com;(31) 919650817
Daniel Costa;10000000270;daniel.costa270@email.com;(31) 966516261
Elaine Pereira;10000000271;elaine.pereira271@email.com;(31) 932815104
Ricardo Costa;10000000272;ricardo.costa272@email.com;(31) 932459943
Ricardo Martins;10000000273;ricardo.martins273@email.com;(31) 959808949
Natália Santos;10000000274;natália.santos274@email.com;(31) 984229283
Carla Monteiro;10000000275;carla.monteiro275@email.com;(31) 961075092
Isabela Almeida;10000000276;isabela.almeida276@email.com;(31) 974860785
Nicolas Dias;10000000277;nicolas.dias277@email.com;(31) 911868950
Camila Barbosa;10000000278;camila.barbosa278@email.com;(31) 946663724
Tiago Ribeiro;10000000279;tiago.ribeiro279@email.com;(31) 930297457
Guilherme Silva;10000000280;guilherme.silva280@email.com;(31) 949260295
Isabela Oliveira;10000000281;isabela.oliveira281@email.com;(31) 937775342
Orlando Silva;10000000282;orlando.silva282@email.com;(31) 977924359
Fernando Rocha;10000000283;fernando.rocha283@email.com;(31) 923706545
Ana Fonseca;10000000284;ana.fonseca284@email.com;(31) 922230880
Vanessa Neves;10000000285;vanessa.neves285@email.com;(31) 961889002
Renato Melo;10000000286;renato.melo286@email.com;(31) 979648258
Tiago Teixeira;10000000287;tiago.teixeira287@email.com;(31) 986493233
Carla Freitas;10000000288;carla.freitas288@email.com;(31) 946306772
Paula Fonseca;10000000289;paula.fonseca289@email.com;(31) 960328847
Helena Fernandes;10000000290;helena.fernandes290@email.com;(31) 989924376
João Cavalcante;10000000291;joão.cavalcante291@email.com;(31) 996314250
Orlando Batista;10000000292;orlando.batista292@email.com;(31) 928776841
Ana Oliveira;10000000293;ana.oliveira293@email.com;(31) 976527769
Luiz Vieira;10000000294;luiz.vieira294@email.com;(31) 944175583
Helena Martins;10000000295;helena.martins295@email.com;(31) 943688882
Henrique Moreira;10000000296;henrique.moreira296@email.com;(31) 999430731
Igor Martins;10000000297;igor.martins297@email.com;(31) 935379305
Otávio Machado;10000000298;otávio.machado298@email.com;(31) 914272200
Isabela Moreira;10000000299;isabela.moreira299@email.com;(31) 990359973
Henrique Lima;10000000300;henrique.lima300@email.com;(31) 923884052
Isabela Martins;10000000301;isabela.martins301@email.com;(31) 916387717
João Barbosa;10000000302;joão.barbosa302@email.com;(31) 984713470
Eduarda Santos;10000000303;eduarda.santos303@email.com;(31) 951047071
Maria Martins;10000000304;maria.martins304@email.com;(31) 940251974
Orlando Vieira;10000000305;orlando.vieira305@email.com;(31) 918437910
Pedro Cardoso;10000000306;pedro.cardoso306@email.com;(31) 998616309
Ana Cardoso;10000000307;ana.cardoso307@email.com;(31) 932128901
João Almeida;10000000308;joão.almeida308@email.com;(31) 937384870
Juliana Cavalcante;10000000309;juliana.cavalcante309@email.com;(31) 912041121
Ana Neves;10000000310;ana.neves310@email.com;(31) 976412678
Pedro Almeida;10000000311;pedro.almeida311@email.com;(31) 934138198
Nicolas Moreira;10000000312;nicolas.moreira312@email.com;(31) 998771268
Renato Barbosa;10000000313;renato.barbosa313@email.com;(31) 936517560
Patrícia Melo;10000000314;patrícia.melo314@email.com;(31) 958585414
Daniel Freitas;10000000315;daniel.freitas315@email.com;(31) 927431562
Juliana Costa;10000000316;juliana.costa316@email.com;(31) 942612736
Carla Santos;10000000317;carla.santos317@email.com;(31) 955941916
Vanessa Monteiro;10000000318;vanessa.monteiro318@email.com;(31) 935485652
André Nogueira;10000000319;andré.nogueira319@email.com;(31) 925518055
Guilherme Teixeira;10000000320;guilherme.teixeira320@email.com;(31) 965964589
Ana Pereira;10000000321;ana.pereira321@email.com;(31) 959564917
Fernando Monteiro;10000000322;fernando.monteiro322@email.com;(31) 962483513
João Martins;10000000323;joão.martins323@email.com;(31) 925404948
Orlando Oliveira;10000000324;orlando.oliveira324@email.com;(31) 946119596
Eduarda Silva;10000000325;eduarda.silva325@email.com;(31) 914363173
Ricardo Melo;10000000326;ricardo.melo326@email.com;(31) 936093956
Vanessa Melo;10000000327;vanessa.melo327@email.com;(31) 920772446
Igor Vieira;10000000328;igor.vieira328@email.com;(31) 973109108
Diego Gomes;10000000329;diego.gomes329@email.com;(31) 998949176
Fernando Oliveira;10000000330;fernando.oliveira330@email.com;(31) 995174624
Ana Batista;10000000331;ana.batista331@email.com;(31) 978491040
Helena Silva;10000000332;helena.silva332@email.com;(31) 920069071
Marcos Monteiro;10000000333;marcos.monteiro333@email.com;(31) 956086726
Larissa Neves;10000000334;larissa.neves334@email.com;(31) 913550524
Marcos Almeida;10000000335;marcos.almeida335@email.com;(31) 976281357
Quezia Souza;10000000336;quezia.souza336@email.com;(31) 910991767
João Costa;10000000337;joão.costa337@email.com;(31) 938361407
Maria Freitas;10000000338;maria.freitas338@email.com;(31) 957205826
Gabriela Rodrigues;10000000339;gabriela.rodrigues339@email.com;(31) 924901685
Guilherme Gomes;10000000340;guilherme.gomes340@email.com;(31) 978822696
Diego Machado;10000000341;diego.machado341@email.com;(31) 916259490
Igor Monteiro;10000000342;igor.monteiro342@email.com;(31) 987216454
Vanessa Oliveira;10000000343;vanessa.oliveira343@email.com;(31) 949525180
Fernando Silva;10000000344;fernando.silva344@email.com;(31) 939192077
Helena Oliveira;10000000345;helena.oliveira345@email.com;(31) 955167572
Fernando Moreira;10000000346;fernando.moreira346@email.com;(31) 992268562
Pedro Fernandes;10000000347;pedro.fernandes347@email.com;(31) 918985966
Igor Moreira;10000000348;igor.moreira348@email.com;(31) 958726823
Diego Rodrigues;10000000349;diego.rodrigues349@email.com;(31) 986875650
Diego Dias;10000000350;diego.dias350@email.com;(31) 920730328
Maria Batista;10000000351;maria.batista351@email.com;(31) 936269657
Helena Monteiro;10000000352;helena.monteiro352@email.com;(31) 954521213
Eduarda Dias;10000000353;eduarda.dias353@email.com;(31) 919639206
Ricardo Souza;10000000354;ricardo.souza354@email.com;(31) 977638889
Larissa Costa;10000000355;larissa.costa355@email.com;(31) 951465138
Larissa Vieira;10000000356;larissa.vieira356@email.com;(31) 969500910
Otávio Martins;10000000357;otávio.martins357@email.com;(31) 977692476
Carla Pereira;10000000358;carla.pereira358@email.com;(31) 979475774
Juliana Vieira;10000000359;juliana.vieira359@email.com;(31) 961628934
Sofia Monteiro;10000000360;sofia.monteiro360@email.com;(31) 947965627
Igor Freitas;10000000361;igor.freitas361@email.com;(31) 931797985
Bruno Cardoso;10000000362;bruno.cardoso362@email.com;(31) 928781091
Natália Freitas;10000000363;natália.freitas363@email.com;(31) 944704432
Patrícia Freitas;10000000364;patrícia.freitas364@email.com;(31) 961632882
Maria Melo;10000000365;maria.melo365@email.com;(31) 945597340
Natália Batista;10000000366;natália.batista366@email.com;(31) 949322778
Carla Barbosa;10000000367;carla.barbosa367@email.com;(31) 991607686
Felipe Rodrigues;10000000368;felipe.rodrigues368@email.com;(31) 970137326
André Vieira;10000000369;andré.vieira369@email.com;(31) 944692209
Quezia Melo;10000000370;quezia.melo370@email.com;(31) 915941970
Helena Teixeira;10000000371;helena.teixeira371@email.com;(31) 947663673
Paula Fernandes;10000000372;paula.fernandes372@email.com;(31) 995605788
Igor Almeida;10000000373;igor.almeida373@email.com;(31) 911721816
Bruno Ribeiro;10000000374;bruno.ribeiro374@email.com;(31) 968067741
Igor Melo;10000000375;igor.melo375@email.com;(31) 984659653
Renato Machado;10000000376;renato.machado376@email.com;(31) 984111547
Juliana Melo;10000000377;juliana.melo377@email.com;(31) 973387236
Nicolas Santos;10000000378;nicolas.santos378@email.com;(31) 961501570
Maria Nogueira;10000000379;maria.nogueira379@email.com;(31) 955004430
João Dias;10000000380;joão.dias380@email.com;(31) 938216928
Quezia Monteiro;10000000381;quezia.monteiro381@email.com;(31) 971356983
Orlando Ribeiro;10000000382;orlando.ribeiro382@email.com;(31) 960724017
Otávio Moreira;10000000383;otávio.moreira383@email.com;(31) 998071799
André Fernandes;10000000384;andré.fernandes384@email.com;(31) 950197795
Henrique Monteiro;10000000385;henrique.monteiro385@email.com;(31) 985472655
Luiz Oliveira;10000000386;luiz.oliveira386@email.com;(31) 982386104
Juliana Batista;10000000387;juliana.batista387@email.com;(31) 952992114
Igor Neves;10000000388;igor.neves388@email.com;(31) 920868180
Natália Rocha;10000000389;natália.rocha389@email.com;(31) 970513682
Vanessa Lima;10000000390;vanessa.lima390@email.com;(31) 911933528
Carla Rodrigues;10000000391;carla.rodrigues391@email.com;(31) 921338968
Ana Monteiro;10000000392;ana.monteiro392@email.com;(31) 912748932
Henrique Freitas;10000000393;henrique.freitas393@email.com;(31) 959646984
Vanessa Costa;10000000394;vanessa.costa394@email.com;(31) 916704902
Maria Moreira;10000000395;maria.moreira395@email.com;(31) 981514481
Fernando Nogueira;10000000396;fernando.nogueira396@email.com;(31) 924333543
Orlando Almeida;10000000397;orlando.almeida397@email.com;(31) 979924332
Vanessa Ribeiro;10000000398;vanessa.ribeiro398@email.com;(31) 973827745
Karina Melo;10000000399;karina.melo399@email.com;(31) 957870488
André Silva;10000000400;andré.silva400@email.com;(31) 915252186
Ana Gomes;10000000401;ana.gomes401@email.com;(31) 932018268
Fernando Costa;10000000402;fernando.costa402@email.com;(31) 968353860
Quezia Costa;10000000403;quezia.costa403@email.com;(31) 975126062
Henrique Barbosa;10000000404;henrique.barbosa404@email.com;(31) 972802101
Larissa Rodrigues;10000000405;larissa.rodrigues405@email.com;(31) 983210918
Guilherme Santos;10000000406;guilherme.santos406@email.com;(31) 952350213
Renato Martins;10000000407;renato.martins407@email.com;(31) 936719868
Bruno Rocha;10000000408;bruno.rocha408@email.com;(31) 949775102
Felipe Costa;10000000409;felipe.costa409@email.com;(31) 917397525
Larissa Moreira;10000000410;larissa.moreira410@email.com;(31) 978869494
Natália Teixeira;10000000411;natália.teixeira411@email.com;(31) 917753491
Fernando Gomes;10000000412;fernando.gomes412@email.com;(31) 975237946
Karina Santos;10000000413;karina.santos413@email.com;(31) 952978093
Vanessa Fernandes;10000000414;vanessa.fernandes414@email.com;(31) 953248681
Tiago Souza;10000000415;tiago.souza415@email.com;(31) 965195812
Karina Freitas;10000000416;karina.freitas416@email.com;(31) 912315490
Renato Dias;10000000417;renato.dias417@email.com;(31) 943718284
Juliana Rodrigues;10000000418;juliana.rodrigues418@email.com;(31) 927420019
Felipe Vieira;10000000419;felipe.vieira419@email.com;(31) 931466083
Sofia Fernandes;10000000420;sofia.fernandes420@email.com;(31) 932959950
Renato Nogueira;10000000421;renato.nogueira421@email.com;(31) 917358976
Juliana Barbosa;10000000422;juliana.barbosa422@email.com;(31) 915657919
Felipe Melo;10000000423;felipe.melo423@email.com;(31) 951739684
Renato Lima;10000000424;renato.lima424@email.com;(31) 927937244
Daniel Rodrigues;10000000425;daniel.rodrigues425@email.com;(31) 949023017
Natália Barbosa;10000000426;natália.barbosa426@email.com;(31) 944692611
Larissa Ribeiro;10000000427;larissa.ribeiro427@email.com;(31) 910845504
Tiago Gomes;10000000428;tiago.gomes428@email.com;(31) 969994077
Paula Monteiro;10000000429;paula.monteiro429@email.com;(31) 910871530
Orlando Moreira;10000000430;orlando.moreira430@email.com;(31) 915841031
Tiago Dias;10000000431;tiago.dias431@email.com;(31) 916645242
João Cardoso;10000000432;joão.cardoso432@email.com;(31) 934439212
Marcos Dias;10000000433;marcos.dias433@email.com;(31) 919398182
Karina Barbosa;10000000434;karina.barbosa434@email.com;(31) 999649799
João Rodrigues;10000000435;joão.rodrigues435@email.com;(31) 917809976
Elaine Freitas;10000000436;elaine.freitas436@email.com;(31) 919648656
Eduarda Ribeiro;10000000437;eduarda.ribeiro437@email.com;(31) 925302031
Vanessa Freitas;10000000438;vanessa.freitas438@email.com;(31) 999723571
João Ribeiro;10000000439;joão.ribeiro439@email.com;(31) 951734190
Larissa Fonseca;10000000440;larissa.fonseca440@email.com;(31) 965910394
Eduarda Moreira;10000000441;eduarda.moreira441@email.com;(31) 955568068
Ricardo Santos;10000000442;ricardo.santos442@email.com;(31) 927242841
Maria Dias;10000000443;maria.dias443@email.com;(31) 931675295
Karina Souza;10000000444;karina.souza444@email.com;(31) 972401013
Elaine Cavalcante;10000000445;elaine.cavalcante445@email.com;(31) 920692500
Sofia Oliveira;10000000446;sofia.oliveira446@email.com;(31) 970455265
Eduarda Rodrigues;10000000447;eduarda.rodrigues447@email.com;(31) 979913956
Gabriela Moreira;10000000448;gabriela.moreira448@email.com;(31) 931279059
Diego Barbosa;10000000449;diego.barbosa449@email.com;(31) 933894181
Karina Almeida;10000000450;karina.almeida450@email.com;(31) 967974196
Karina Oliveira;10000000451;karina.oliveira451@email.com;(31) 960851220
Natália Martins;10000000452;natália.martins452@email.com;(31) 956502577
Ricardo Nogueira;10000000453;ricardo.nogueira453@email.com;(31) 920645698
Natália Pereira;10000000454;natália.pereira454@email.com;(31) 954063128
João Oliveira;10000000455;joão.oliveira455@email.com;(31) 928298990
Ana Martins;10000000456;ana.martins456@email.com;(31) 969006024
Pedro Oliveira;10000000457;pedro.oliveira457@email.com;(31) 945059347
Carla Dias;10000000458;carla.dias458@email.com;(31) 987676756
Juliana Neves;10000000459;juliana.neves459@email.com;(31) 989154557
Igor Rocha;10000000460;igor.rocha460@email.com;(31) 974045619
Karina Martins;10000000461;karina.martins461@email.com;(31) 946426188
Eduarda Gomes;10000000462;eduarda.gomes462@email.com;(31) 984584417
Fernando Fernandes;10000000463;fernando.fernandes463@email.com;(31) 959537933
Eduarda Vieira;10000000464;eduarda.vieira464@email.com;(31) 911242236
Felipe Ribeiro;10000000465;felipe.ribeiro465@email.com;(31) 968746616
Marcos Souza;10000000466;marcos.souza466@email.com;(31) 916434953
Henrique Machado;10000000467;henrique.machado467@email.com;(31) 990087282
Ana Rocha;10000000468;ana.rocha468@email.com;(31) 967108010
Diego Batista;10000000469;diego.batista469@email.com;(31) 944996900
Orlando Cavalcante;10000000470;orlando.cavalcante470@email.com;(31) 991338434
Henrique Batista;10000000471;henrique.batista471@email.com;(31) 943556275
Gabriela Almeida;10000000472;gabriela.almeida472@email.com;(31) 967902516
Diego Neves;10000000473;diego.neves473@email.com;(31) 950199517
Diego Costa;10000000474;diego.costa474@email.com;(31) 927232858
Tiago Almeida;10000000475;tiago.almeida475@email.com;(31) 996150833
Vanessa Fonseca;10000000476;vanessa.fonseca476@email.com;(31) 978538469
Helena Nogueira;10000000477;helena.nogueira477@email.com;(31) 971349359
Maria Barbosa;10000000478;maria.barbosa478@email.com;(31) 929866014
Patrícia Martins;10000000479;patrícia.martins479@email.com;(31) 962100287
Karina Moreira;10000000480;karina.moreira480@email.com;(31) 960474245
Luiz Nogueira;10000000481;luiz.nogueira481@email.com;(31) 981897797
Camila Vieira;10000000482;camila.vieira482@email.com;(31) 950109501
Marcos Costa;10000000483;marcos.costa483@email.com;(31) 920753894
Juliana Pereira;10000000484;juliana.pereira484@email.com;(31) 947078098
Juliana Oliveira;10000000485;juliana.oliveira485@email.com;(31) 920944524
Felipe Monteiro;10000000486;felipe.monteiro486@email.com;(31) 958102421
Maria Neves;10000000487;maria.neves487@email.com;(31) 981106457
Tiago Lima;10000000488;tiago.lima488@email.com;(31) 964709357
Maria Machado;10000000489;maria.machado489@email.com;(31) 980719710
Ricardo Lima;10000000490;ricardo.lima490@email.com;(31) 996769674
Helena Moreira;10000000491;helena.moreira491@email.com;(31) 992574196
Patrícia Batista;10000000492;patrícia.batista492@email.com;(31) 957583293
Igor Cavalcante;10000000493;igor.cavalcante493@email.com;(31) 973208389
Larissa Silva;10000000494;larissa.silva494@email.com;(31) 968840273
Otávio Nogueira;10000000495;otávio.nogueira495@email.com;(31) 918951838
Vanessa Barbosa;10000000496;vanessa.barbosa496@email.com;(31) 913581055
Marcos Cardoso;10000000497;marcos.cardoso497@email.com;(31) 914906604
Tiago Moreira;10000000498;tiago.moreira498@email.com;(31) 994747668
Igor Batista;10000000499;igor.batista499@email.com;(31) 935399380
Luiz Neves;10000000500;luiz.neves500@email.com;(31) 924739010
Quezia Santos;10000000501;quezia.santos501@email.com;(31) 922046470
Karina Machado;10000000502;karina.machado502@email.com;(31) 950452996
Ana Machado;10000000503;ana.machado503@email.com;(31) 938555844
Renato Moreira;10000000504;renato.moreira504@email.com;(31) 947135820
Karina Fernandes;10000000505;karina.fernandes505@email.com;(31) 934804772
Pedro Moreira;10000000506;pedro.moreira506@email.com;(31) 947374883
Pedro Freitas;10000000507;pedro.freitas507@email.com;(31) 947858343
Camila Pereira;10000000508;camila.pereira508@email.com;(31) 984963805
Pedro Costa;10000000509;pedro.costa509@email.com;(31) 923757839
Guilherme Almeida;10000000510;guilherme.almeida510@email.com;(31) 947758161
João Fernandes;10000000511;joão.fernandes511@email.com;(31) 946412684
Ana Santos;10000000512;ana.santos512@email.com;(31) 928507510
Larissa Monteiro;10000000513;larissa.monteiro513@email.com;(31) 990262156
Gabriela Dias;10000000514;gabriela.dias514@email.com;(31) 919663874
Henrique Costa;10000000515;henrique.costa515@email.com;(31) 990195910
André Rodrigues;10000000516;andré.rodrigues516@email.com;(31) 983353802
Ana Silva;10000000517;ana.silva517@email.com;(31) 919574741
Guilherme Souza;10000000518;guilherme.souza518@email.com;(31) 944265619
Ana Costa;10000000519;ana.costa519@email.com;(31) 926613499
Paula Pereira;10000000520;paula.pereira520@email.com;(31) 916000316
Bruno Batista;10000000521;bruno.batista521@email.com;(31) 946056543
Helena Lima;10000000522;helena.lima522@email.com;(31) 933279409
Otávio Oliveira;10000000523;otávio.oliveira523@email.com;(31) 925319448
Carla Rocha;10000000524;carla.rocha524@email.com;(31) 978050676
Paula Melo;10000000525;paula.melo525@email.com;(31) 928406990
Henrique Dias;10000000526;henrique.dias526@email.com;(31) 950473948
Bruno Martins;10000000527;bruno.martins527@email.com;(31) 918766404
Carla Cavalcante;10000000528;carla.cavalcante528@email.com;(31) 993723728
Luiz Pereira;10000000529;luiz.pereira529@email.com;(31) 942627262
Felipe Cardoso;10000000530;felipe.cardoso530@email.com;(31) 954635386
Felipe Batista;10000000531;felipe.batista531@email.com;(31) 916663633
Karina Monteiro;10000000532;karina.monteiro532@email.com;(31) 919691845
Marcos Silva;10000000533;marcos.silva533@email.com;(31) 979114564
Ricardo Rocha;10000000534;ricardo.rocha534@email.com;(31) 969858257
Larissa Nogueira;10000000535;larissa.nogueira535@email.com;(31) 971651396
Ana Almeida;10000000536;ana.almeida536@email.com;(31) 937258842
Diego Freitas;10000000537;diego.freitas537@email.com;(31) 983171919
Bruno Lima;10000000538;bruno.lima538@email.com;(31) 939136157
Igor Barbosa;10000000539;igor.barbosa539@email.com;(31) 958346748
Guilherme Neves;10000000540;guilherme.neves540@email.com;(31) 919244918
Marcos Santos;10000000541;marcos.santos541@email.com;(31) 967305148
Patrícia Vieira;10000000542;patrícia.vieira542@email.com;(31) 918514708
Nicolas Batista;10000000543;nicolas.batista543@email.com;(31) 967142495
Juliana Teixeira;10000000544;juliana.teixeira544@email.com;(31) 969951167
Quezia Martins;10000000545;quezia.martins545@email.com;(31) 943805848
Vanessa Machado;10000000546;vanessa.machado546@email.com;(31) 988130410
Ana Cavalcante;10000000547;ana.cavalcante547@email.com;(31) 960723534
Maria Teixeira;10000000548;maria.teixeira548@email.com;(31) 965755896
Helena Rocha;10000000549;helena.rocha549@email.com;(31) 963664270
Carla Cardoso;10000000550;carla.cardoso550@email.com;(31) 960351607
André Gomes;10000000551;andré.gomes551@email.com;(31) 963194858
Bruno Cavalcante;10000000552;bruno.cavalcante552@email.com;(31) 982504720
Daniel Dias;10000000553;daniel.dias553@email.com;(31) 919663331
Eduarda Machado;10000000554;eduarda.machado554@email.com;(31) 934585767
Sofia Santos;10000000555;sofia.santos555@email.com;(31) 986794580
Diego Cardoso;10000000556;diego.cardoso556@email.com;(31) 953370113
Tiago Rodrigues;10000000557;tiago.rodrigues557@email.com;(31) 958335544
Daniel Gomes;10000000558;daniel.gomes558@email.com;(31) 997212308
Patrícia Cavalcante;10000000559;patrícia.cavalcante559@email.com;(31) 912286120
Marcos Nogueira;10000000560;marcos.nogueira560@email.com;(31) 950392841
André Almeida;10000000561;andré.almeida561@email.com;(31) 946141756
Gabriela Oliveira;10000000562;gabriela.oliveira562@email.com;(31) 938104858
Fernando Ribeiro;10000000563;fernando.ribeiro563@email.com;(31) 913172543
Paula Rodrigues;10000000564;paula.rodrigues564@email.com;(31) 940123794
Maria Lima;10000000565;maria.lima565@email.com;(31) 994468979
Guilherme Cardoso;10000000566;guilherme.cardoso566@email.com;(31) 979128199
Diego Fonseca;10000000567;diego.fonseca567@email.com;(31) 991942454
Eduarda Cavalcante;10000000568;eduarda.cavalcante568@email.com;(31) 933356004
Isabela Teixeira;10000000569;isabela.teixeira569@email.com;(31) 923588082
Helena Dias;10000000570;helena.dias570@email.com;(31) 962538687
Paula Dias;10000000571;paula.dias571@email.com;(31) 962275800
Guilherme Costa;10000000572;guilherme.costa572@email.com;(31) 984483385
Camila Cardoso;10000000573;camila.cardoso573@email.com;(31) 997546453
Natália Nogueira;10000000574;natália.nogueira574@email.com;(31) 975184150
Quezia Ribeiro;10000000575;quezia.ribeiro575@email.com;(31) 959788093
Pedro Pereira;10000000576;pedro.pereira576@email.com;(31) 971692794
Otávio Santos;10000000577;otávio.santos577@email.com;(31) 979554395
Luiz Machado;10000000578;luiz.machado578@email.com;(31) 992493636
Pedro Batista;10000000579;pedro.batista579@email.com;(31) 947065462
Natália Oliveira;10000000580;natália.oliveira580@email.com;(31) 982790822
Maria Almeida;10000000581;maria.almeida581@email.com;(31) 972529075
Pedro Fonseca;10000000582;pedro.fonseca582@email.com;(31) 956522028
Daniel Moreira;10000000583;daniel.moreira583@email.com;(31) 917940701
Felipe Nogueira;10000000584;felipe.nogueira584@email.com;(31) 921719711
Elaine Fonseca;10000000585;elaine.fonseca585@email.com;(31) 964201034
André Pereira;10000000586;andré.pereira586@email.com;(31) 990891716
Daniel Vieira;10000000587;daniel.vieira587@email.com;(31) 920850020
Gabriela Machado;10000000588;gabriela.machado588@email.com;(31) 967477455
Bruno Vieira;10000000589;bruno.vieira589@email.com;(31) 918198361
Eduarda Rocha;10000000590;eduarda.rocha590@email.com;(31) 914395159
Patrícia Santos;10000000591;patrícia.santos591@email.com;(31) 932332287
Paula Martins;10000000592;paula.martins592@email.com;(31) 986971843
Ricardo Almeida;10000000593;ricardo.almeida593@email.com;(31) 984397095
Marcos Fonseca;10000000594;marcos.fonseca594@email.com;(31) 953366903
João Santos;10000000595;joão.santos595@email.com;(31) 988366405
Camila Dias;10000000596;camila.dias596@email.com;(31) 999107312
Isabela Melo;10000000597;isabela.melo597@email.com;(31) 944793633
Natália Souza;10000000598;natália.souza598@email.com;(31) 919709112
Orlando Lima;10000000599;orlando.lima599@email.com;(31) 994764006
Fernando Freitas;10000000600;fernando.freitas600@email.com;(31) 984597922
Larissa Dias;10000000601;larissa.dias601@email.com;(31) 958727522
Larissa Teixeira;10000000602;larissa.teixeira602@email.com;(31) 989711772
Karina Teixeira;10000000603;karina.teixeira603@email.com;(31) 944270027
Orlando Santos;10000000604;orlando.santos604@email.com;(31) 947813178
Paula Almeida;10000000605;paula.almeida605@email.com;(31) 938781535
Guilherme Martins;10000000606;guilherme.martins606@email.com;(31) 942019186
Patrícia Gomes;10000000607;patrícia.gomes607@email.com;(31) 948722480
Sofia Freitas;10000000608;sofia.freitas608@email.com;(31) 934073473
Daniel Melo;10000000609;daniel.melo609@email.com;(31) 940177414
Bruno Fonseca;10000000610;bruno.fonseca610@email.com;(31) 951076163
Pedro Silva;10000000611;pedro.silva611@email.com;(31) 965031795
João Rocha;10000000612;joão.rocha612@email.com;(31) 981024876
Larissa Santos;10000000613;larissa.santos613@email.com;(31) 910298650
Pedro Souza;10000000614;pedro.souza614@email.com;(31) 971515574
Henrique Rodrigues;10000000615;henrique.rodrigues615@email.com;(31) 970081062
Bruno Moreira;10000000616;bruno.moreira616@email.com;(31) 915004820
Fernando Machado;10000000617;fernando.machado617@email.com;(31) 989260779
Luiz Fonseca;10000000618;luiz.fonseca618@email.com;(31) 987636851
Daniel Teixeira;10000000619;daniel.teixeira619@email.com;(31) 982450758
Bruno Fernandes;10000000620;bruno.fernandes620@email.com;(31) 963309694
Henrique Rocha;10000000621;henrique.rocha621@email.com;(31) 959124636
Sofia Lima;10000000622;sofia.lima622@email.com;(31) 935179706
Pedro Rocha;10000000623;pedro.rocha623@email.com;(31) 966357856
Felipe Gomes;10000000624;felipe.gomes624@email.com;(31) 948240735
Igor Ribeiro;10000000625;igor.ribeiro625@email.com;(31) 961921360
Patrícia Fonseca;10000000626;patrícia.fonseca626@email.com;(31) 941637359
Tiago Silva;10000000627;tiago.silva627@email.com;(31) 915339834
Tiago Cavalcante;10000000628;tiago.cavalcante628@email.com;(31) 974025131
Gabriela Rocha;10000000629;gabriela.rocha629@email.com;(31) 932175529
Marcos Neves;10000000630;marcos.neves630@email.com;(31) 981637586
Quezia Oliveira;10000000631;quezia.oliveira631@email.com;(31) 966667509
Isabela Fonseca;10000000632;isabela.fonseca632@email.com;(31) 975556649
Diego Oliveira;10000000633;diego.oliveira633@email.com;(31) 980396174
Otávio Almeida;10000000634;otávio.almeida634@email.com;(31) 921842045
Luiz Batista;10000000635;luiz.batista635@email.com;(31) 914800629
Quezia Rodrigues;10000000636;quezia.rodrigues636@email.com;(31) 917907836
Helena Machado;10000000637;helena.machado637@email.com;(31) 931760735
Guilherme Vieira;10000000638;guilherme.vieira638@email.com;(31) 985663266
Fernando Batista;10000000639;fernando.batista639@email.com;(31) 958597086
João Neves;10000000640;joão.neves640@email.com;(31) 947974688
Juliana Lima;10000000641;juliana.lima641@email.com;(31) 997509419
Juliana Martins;10000000642;juliana.martins642@email.com;(31) 916667860
Gabriela Fonseca;10000000643;gabriela.fonseca643@email.com;(31) 979068935
Diego Lima;10000000644;diego.lima644@email.com;(31) 986865484
Ricardo Cavalcante;10000000645;ricardo.cavalcante645@email.com;(31) 960750008
Diego Vieira;10000000646;diego.vieira646@email.com;(31) 918113435
Tiago Fonseca;10000000647;tiago.fonseca647@email.com;(31) 944098588
Natália Fernandes;10000000648;natália.fernandes648@email.com;(31) 965332354
Renato Costa;10000000649;renato.costa649@email.com;(31) 975140084
Maria Costa;10000000650;maria.costa650@email.com;(31) 983083696
Nicolas Silva;10000000651;nicolas.silva651@email.com;(31) 989367519
Natália Cardoso;10000000652;natália.cardoso652@email.com;(31) 979771785
Bruno Santos;10000000653;bruno.santos653@email.com;(31) 943714616
Carla Martins;10000000654;carla.martins654@email.com;(31) 940691724
Otávio Teixeira;10000000655;otávio.teixeira655@email.com;(31) 958290906
Patrícia Barbosa;10000000656;patrícia.barbosa656@email.com;(31) 968265012
Gabriela Silva;10000000657;gabriela.silva657@email.com;(31) 977046374
Ricardo Vieira;10000000658;ricardo.vieira658@email.com;(31) 957694166
Quezia Gomes;10000000659;quezia.gomes659@email.com;(31) 960223355
Eduarda Freitas;10000000660;eduarda.freitas660@email.com;(31) 935666363
Otávio Lima;10000000661;otávio.lima661@email.com;(31) 984893652
Guilherme Monteiro;10000000662;guilherme.monteiro662@email.com;(31) 970723967
Otávio Batista;10000000663;otávio.batista663@email.com;(31) 990205854
Elaine Ribeiro;10000000664;elaine.ribeiro664@email.com;(31) 957846686
Luiz Freitas;10000000665;luiz.freitas665@email.com;(31) 925438467
Ricardo Fonseca;10000000666;ricardo.fonseca666@email.com;(31) 918492769
Daniel Lima;10000000667;daniel.lima667@email.com;(31) 923964272
Felipe Moreira;10000000668;felipe.moreira668@email.com;(31) 957342112
Daniel Barbosa;10000000669;daniel.barbosa669@email.com;(31) 929673402
Camila Ribeiro;10000000670;camila.ribeiro670@email.com;(31) 969135331
Igor Dias;10000000671;igor.dias671@email.com;(31) 919028836
Patrícia Rocha;10000000672;patrícia.rocha672@email.com;(31) 910147750
Nicolas Teixeira;10000000673;nicolas.teixeira673@email.com;(31) 912602719
Elaine Batista;10000000674;elaine.batista674@email.com;(31) 972235439
Bruno Oliveira;10000000675;bruno.oliveira675@email.com;(31) 987341421
Isabela Santos;10000000676;isabela.santos676@email.com;(31) 926404544
Juliana Nogueira;10000000677;juliana.nogueira677@email.com;(31) 951739418
Henrique Nogueira;10000000678;henrique.nogueira678@email.com;(31) 984187997
Orlando Gomes;10000000679;orlando.gomes679@email.com;(31) 977567473
Orlando Costa;10000000680;orlando.costa680@email.com;(31) 921526734
Tiago Batista;10000000681;tiago.batista681@email.com;(31) 980377461
Elaine Oliveira;10000000682;elaine.oliveira682@email.com;(31) 987416546
Carla Fernandes;10000000683;carla.fernandes683@email.com;(31) 929047372
Elaine Barbosa;10000000684;elaine.barbosa684@email.com;(31) 943655177
Gabriela Vieira;10000000685;gabriela.vieira685@email.com;(31) 931801411
Camila Neves;10000000686;camila.neves686@email.com;(31) 932974755
Vanessa Silva;10000000687;vanessa.silva687@email.com;(31) 970568849
Orlando Cardoso;10000000688;orlando.cardoso688@email.com;(31) 914130409
Renato Fernandes;10000000689;renato.fernandes689@email.com;(31) 925688540
Marcos Martins;10000000690;marcos.martins690@email.com;(31) 970628333
Otávio Costa;10000000691;otávio.costa691@email.com;(31) 940421250
Natália Almeida;10000000692;natália.almeida692@email.com;(31) 935528982
Ricardo Ribeiro;10000000693;ricardo.ribeiro693@email.com;(31) 971421438
André Monteiro;10000000694;andré.monteiro694@email.com;(31) 990348472
Elaine Cardoso;10000000695;elaine.cardoso695@email.com;(31) 953084974
Daniel Fonseca;10000000696;daniel.fonseca696@email.com;(31) 985178315
Natália Ribeiro;10000000697;natália.ribeiro697@email.com;(31) 937264737
Otávio Fonseca;10000000698;otávio.fonseca698@email.com;(31) 991382702
Otávio Pereira;10000000699;otávio.pereira699@email.com;(31) 989598580
Luiz Fernandes;10000000700;luiz.fernandes700@email.com;(31) 977247686
Maria Santos;10000000701;maria.santos701@email.com;(31) 923493999
Juliana Fonseca;10000000702;juliana.fonseca702@email.com;(31) 926973520
Orlando Souza;10000000703;orlando.souza703@email.com;(31) 950837088
Isabela Souza;10000000704;isabela.souza704@email.com;(31) 951090524
Karina Rodrigues;10000000705;karina.rodrigues705@email.com;(31) 991663681
André Dias;10000000706;andré.dias706@email.com;(31) 917722904
Helena Souza;10000000707;helena.souza707@email.com;(31) 967378467
Tiago Pereira;10000000708;tiago.pereira708@email.com;(31) 953778300
Elaine Machado;10000000709;elaine.machado709@email.com;(31) 990119573
Patrícia Costa;10000000710;patrícia.costa710@email.com;(31) 957238338
Renato Vieira;10000000711;renato.vieira711@email.com;(31) 955872844
Vanessa Cardoso;10000000712;vanessa.cardoso712@email.com;(31) 915485680
Karina Nogueira;10000000713;karina.nogueira713@email.com;(31) 939023429
Bruno Dias;10000000714;bruno.dias714@email.com;(31) 962414252
Luiz Ribeiro;10000000715;luiz.ribeiro715@email.com;(31) 991041870
Natália Melo;10000000716;natália.melo716@email.com;(31) 973754354
Isabela Rodrigues;10000000717;isabela.rodrigues717@email.com;(31) 999736401
Elaine Martins;10000000718;elaine.martins718@email.com;(31) 980448985
Eduarda Fonseca;10000000719;eduarda.fonseca719@email.com;(31) 960853296
Renato Freitas;10000000720;renato.freitas720@email.com;(31) 959079922
Tiago Martins;10000000721;tiago.martins721@email.com;(31) 942776603
Karina Dias;10000000722;karina.dias722@email.com;(31) 948285038
Juliana Cardoso;10000000723;juliana.cardoso723@email.com;(31) 940044486
Sofia Martins;10000000724;sofia.martins724@email.com;(31) 929259030
Patrícia Rodrigues;10000000725;patrícia.rodrigues725@email.com;(31) 926836154
Larissa Batista;10000000726;larissa.batista726@email.com;(31) 960485131
Otávio Silva;10000000727;otávio.silva727@email.com;(31) 970356954
Igor Machado;10000000728;igor.machado728@email.com;(31) 979534691
Vanessa Pereira;10000000729;vanessa.pereira729@email.com;(31) 981421775
Nicolas Lima;10000000730;nicolas.lima730@email.com;(31) 985463450
Quezia Fernandes;10000000731;quezia.fernandes731@email.com;(31) 967698537
Paula Cardoso;10000000732;paula.cardoso732@email.com;(31) 931430641
Bruno Melo;10000000733;bruno.melo733@email.com;(31) 952725135
Eduarda Souza;10000000734;eduarda.souza734@email.com;(31) 995553656
Daniel Almeida;10000000735;daniel.almeida735@email.com;(31) 923644733
Patrícia Nogueira;10000000736;patrícia.nogueira736@email.com;(31) 929525852
Natália Costa;10000000737;natália.costa737@email.com;(31) 975347077
Elaine Souza;10000000738;elaine.souza738@email.com;(31) 928006710
Isabela Pereira;10000000739;isabela.pereira739@email.com;(31) 953249036
André Barbosa;10000000740;andré.barbosa740@email.com;(31) 989707471
Helena Pereira;10000000741;helena.pereira741@email.com;(31) 985903176
Carla Almeida;10000000742;carla.almeida742@email.com;(31) 931926257
Quezia Batista;10000000743;quezia.batista743@email.com;(31) 977966624
Felipe Barbosa;10000000744;felipe.barbosa744@email.com;(31) 988397062
Sofia Barbosa;10000000745;sofia.barbosa745@email.com;(31) 950842946
Otávio Monteiro;10000000746;otávio.monteiro746@email.com;(31) 941770642
Renato Pereira;10000000747;renato.pereira747@email.com;(31) 945278780
Patrícia Machado;10000000748;patrícia.machado748@email.com;(31) 948430854
Sofia Gomes;10000000749;sofia.gomes749@email.com;(31) 910378645
Henrique Silva;10000000750;henrique.silva750@email.com;(31) 950594068
Diego Souza;10000000751;diego.souza751@email.com;(31) 937247845
Maria Oliveira;10000000752;maria.oliveira752@email.com;(31) 915873827
Pedro Lima;10000000753;pedro.lima753@email.com;(31) 939175088
Marcos Gomes;10000000754;marcos.gomes754@email.com;(31) 979229931
Maria Rodrigues;10000000755;maria.rodrigues755@email.com;(31) 966060612
André Melo;10000000756;andré.melo756@email.com;(31) 949291668
Orlando Nogueira;10000000757;orlando.nogueira757@email.com;(31) 972725690
Isabela Vieira;10000000758;isabela.vieira758@email.com;(31) 925867549
Daniel Souza;10000000759;daniel.souza759@email.com;(31) 944973514
Pedro Martins;10000000760;pedro.martins760@email.com;(31) 927583477
Daniel Santos;10000000761;daniel.santos761@email.com;(31) 991723110
Luiz Souza;10000000762;luiz.souza762@email.com;(31) 977064658
Tiago Nogueira;10000000763;tiago.nogueira763@email.com;(31) 987320855
Fernando Cavalcante;10000000764;fernando.cavalcante764@email.com;(31) 966696189
André Souza;10000000765;andré.souza765@email.com;(31) 996903730
Nicolas Gomes;10000000766;nicolas.gomes766@email.com;(31) 950310899
Guilherme Ribeiro;10000000767;guilherme.ribeiro767@email.com;(31) 979556729
Karina Cavalcante;10000000768;karina.cavalcante768@email.com;(31) 950079397
André Lima;10000000769;andré.lima769@email.com;(31) 960184269
André Teixeira;10000000770;andré.teixeira770@email.com;(31) 920045217
Renato Rocha;10000000771;renato.rocha771@email.com;(31) 935424755
André Cavalcante;10000000772;andré.cavalcante772@email.com;(31) 961157969
Igor Pereira;10000000773;igor.pereira773@email.com;(31) 963990476
Ana Dias;10000000774;ana.dias774@email.com;(31) 918133601
Gabriela Barbosa;10000000775;gabriela.barbosa775@email.com;(31) 995054316
Paula Gomes;10000000776;paula.gomes776@email.com;(31) 948438944
Henrique Neves;10000000777;henrique.neves777@email.com;(31) 924925030
João Melo;10000000778;joão.melo778@email.com;(31) 951664102
Vanessa Dias;10000000779;vanessa.dias779@email.com;(31) 978666486
Henrique Vieira;10000000780;henrique.vieira780@email.com;(31) 994790888
Natália Fonseca;10000000781;natália.fonseca781@email.com;(31) 916748213
Paula Machado;10000000782;paula.machado782@email.com;(31) 993569198
Sofia Ribeiro;10000000783;sofia.ribeiro783@email.com;(31) 944679457
Igor Fonseca;10000000784;igor.fonseca784@email.com;(31) 971735938
Camila Monteiro;10000000785;camila.monteiro785@email.com;(31) 973012966
Sofia Cardoso;10000000786;sofia.cardoso786@email.com;(31) 995351736
Natália Lima;10000000787;natália.lima787@email.com;(31) 996435450
Felipe Fernandes;10000000788;felipe.fernandes788@email.com;(31) 936758422
Guilherme Machado;10000000789;guilherme.machado789@email.com;(31) 999546329
Ricardo Teixeira;10000000790;ricardo.teixeira790@email.com;(31) 916495983
Karina Cardoso;10000000791;karina.cardoso791@email.com;(31) 959213642
Helena Barbosa;10000000792;helena.barbosa792@email.com;(31) 959034621
Sofia Souza;10000000793;sofia.souza793@email.com;(31) 943441926
Camila Gomes;10000000794;camila.gomes794@email.com;(31) 980410087
Otávio Ribeiro;10000000795;otávio.ribeiro795@email.com;(31) 956889448
Sofia Nogueira;10000000796;sofia.nogueira796@email.com;(31) 958146879
Paula Costa;10000000797;paula.costa797@email.com;(31) 928750556
Helena Neves;10000000798;helena.neves798@email.com;(31) 939333009
Renato Santos;10000000799;renato.santos799@email.com;(31) 946064943
Quezia Almeida;10000000800;quezia.almeida800@email.com;(31) 999037898
Henrique Teixeira;10000000801;henrique.teixeira801@email.com;(31) 996257741
Larissa Melo;10000000802;larissa.melo802@email.com;(31) 987796288
Larissa Rocha;10000000803;larissa.rocha803@email.com;(31) 958849154
Nicolas Cavalcante;10000000804;nicolas.cavalcante804@email.com;(31) 910833653
Isabela Monteiro;10000000805;isabela.monteiro805@email.com;(31) 993686878
Patrícia Teixeira;10000000806;patrícia.teixeira806@email.com;(31) 996956938
Gabriela Cardoso;10000000807;gabriela.cardoso807@email.com;(31) 938703347
Nicolas Ribeiro;10000000808;nicolas.ribeiro808@email.com;(31) 950787631
Paula Freitas;10000000809;paula.freitas809@email.com;(31) 969045721
Renato Cavalcante;10000000810;renato.cavalcante810@email.com;(31) 986619190
Isabela Neves;10000000811;isabela.neves811@email.com;(31) 984852030
Juliana Moreira;10000000812;juliana.moreira812@email.com;(31) 956049467
Camila Costa;10000000813;camila.costa813@email.com;(31) 957234088
João Freitas;10000000814;joão.freitas814@email.com;(31) 999445461
Igor Gomes;10000000815;igor.gomes815@email.com;(31) 964359114
Gabriela Freitas;10000000816;gabriela.freitas816@email.com;(31) 943584221
Paula Lima;10000000817;paula.lima817@email.com;(31) 968302283
Marcos Oliveira;10000000818;marcos.oliveira818@email.com;(31) 931825613
Helena Rodrigues;10000000819;helena.rodrigues819@email.com;(31) 991007829
Natália Gomes;10000000820;natália.gomes820@email.com;(31) 998018442
Juliana Fernandes;10000000821;juliana.fernandes821@email.com;(31) 999617770
Bruno Gomes;10000000822;bruno.gomes822@email.com;(31) 975486626
Nicolas Rocha;10000000823;nicolas.rocha823@email.com;(31) 991337084
Orlando Fernandes;10000000824;orlando.fernandes824@email.com;(31) 990234348
Henrique Souza;10000000825;henrique.souza825@email.com;(31) 937487082
Diego Cavalcante;10000000826;diego.cavalcante826@email.com;(31) 915437084
Maria Gomes;10000000827;maria.gomes827@email.com;(31) 925506786
Luiz Martins;10000000828;luiz.martins828@email.com;(31) 925556632
Marcos Moreira;10000000829;marcos.moreira829@email.com;(31) 973605974
Renato Oliveira;10000000830;renato.oliveira830@email.com;(31) 941227940
Elaine Almeida;10000000831;elaine.almeida831@email.com;(31) 989822275
João Lima;10000000832;joão.lima832@email.com;(31) 946051062
Quezia Rocha;10000000833;quezia.rocha833@email.com;(31) 919509477
Larissa Gomes;10000000834;larissa.gomes834@email.com;(31) 978935810
Gabriela Souza;10000000835;gabriela.souza835@email.com;(31) 989764055
Orlando Neves;10000000836;orlando.neves836@email.com;(31) 919619873
Vanessa Rocha;10000000837;vanessa.rocha837@email.com;(31) 937603279
Diego Silva;10000000838;diego.silva838@email.com;(31) 980402648
Paula Batista;10000000839;paula.batista839@email.com;(31) 968574505
Tiago Rocha;10000000840;tiago.rocha840@email.com;(31) 990508281
Daniel Batista;10000000841;daniel.batista841@email.com;(31) 920347378
Eduarda Neves;10000000842;eduarda.neves842@email.com;(31) 963558615
Orlando Monteiro;10000000843;orlando.monteiro843@email.com;(31) 957750232
Ricardo Machado;10000000844;ricardo.machado844@email.com;(31) 965650691
Patrícia Cardoso;10000000845;patrícia.cardoso845@email.com;(31) 922109463
Isabela Gomes;10000000846;isabela.gomes846@email.com;(31) 949370269
Karina Gomes;10000000847;karina.gomes847@email.com;(31) 934052616
Carla Nogueira;10000000848;carla.nogueira848@email.com;(31) 981739174
Orlando Barbosa;10000000849;orlando.barbosa849@email.com;(31) 943331357
Camila Silva;10000000850;camila.silva850@email.com;(31) 976342986
Vanessa Nogueira;10000000851;vanessa.nogueira851@email.com;(31) 964079258
João Machado;10000000852;joão.machado852@email.com;(31) 960332188
Ana Nogueira;10000000853;ana.nogueira853@email.com;(31) 989611256
Luiz Lima;10000000854;luiz.lima854@email.com;(31) 999607611
Sofia Melo;10000000855;sofia.melo855@email.com;(31) 959827020
Orlando Rodrigues;10000000856;orlando.rodrigues856@email.com;(31) 940257879
Quezia Fonseca;10000000857;quezia.fonseca857@email.com;(31) 917615085
Nicolas Pereira;10000000858;nicolas.pereira858@email.com;(31) 931033346
Fernando Teixeira;10000000859;fernando.teixeira859@email.com;(31) 947220763
Natália Cavalcante;10000000860;natália.cavalcante860@email.com;(31) 947708256
Larissa Cardoso;10000000861;larissa.cardoso861@email.com;(31) 992456502
Karina Batista;10000000862;karina.batista862@email.com;(31) 934717562
Natália Dias;10000000863;natália.dias863@email.com;(31) 975155096
Fernando Fonseca;10000000864;fernando.fonseca864@email.com;(31) 953049185
Bruno Freitas;10000000865;bruno.freitas865@email.com;(31) 928245684
Felipe Silva;10000000866;felipe.silva866@email.com;(31) 916346530
Natália Monteiro;10000000867;natália.monteiro867@email.com;(31) 943075303
Daniel Neves;10000000868;daniel.neves868@email.com;(31) 918750746
Eduarda Nogueira;10000000869;eduarda.nogueira869@email.com;(31) 968680602
Isabela Dias;10000000870;isabela.dias870@email.com;(31) 987698545
Tiago Oliveira;10000000871;tiago.oliveira871@email.com;(31) 911986194
Paula Silva;10000000872;paula.silva872@email.com;(31) 995757024
Larissa Oliveira;10000000873;larissa.oliveira873@email.com;(31) 953637163
Natália Neves;10000000874;natália.neves874@email.com;(31) 990541583
Igor Silva;10000000875;igor.silva875@email.com;(31) 911333992
Bruno Neves;10000000876;bruno.neves876@email.com;(31) 956399237
Marcos Lima;10000000877;marcos.lima877@email.com;(31) 931923971
Juliana Dias;10000000878;juliana.dias878@email.com;(31) 927012255
Marcos Rodrigues;10000000879;marcos.rodrigues879@email.com;(31) 988458872
Camila Moreira;10000000880;camila.moreira880@email.com;(31) 975810076
Diego Martins;10000000881;diego.martins881@email.com;(31) 914141649
Ricardo Dias;10000000882;ricardo.dias882@email.com;(31) 987769801
Diego Santos;10000000883;diego.santos883@email.com;(31) 926170796
Gabriela Costa;10000000884;gabriela.costa884@email.com;(31) 989818272
Larissa Almeida;10000000885;larissa.almeida885@email.com;(31) 926513584
Renato Silva;10000000886;renato.silva886@email.com;(31) 988589520
Igor Teixeira;10000000887;igor.teixeira887@email.com;(31) 911108041
Camila Souza;10000000888;camila.souza888@email.com;(31) 921422053
Quezia Machado;10000000889;quezia.machado889@email.com;(31) 969276083
Gabriela Monteiro;10000000890;gabriela.monteiro890@email.com;(31) 991186577
Ricardo Pereira;10000000891;ricardo.pereira891@email.com;(31) 968496217
Guilherme Melo;10000000892;guilherme.melo892@email.com;(31) 981364443
Orlando Machado;10000000893;orlando.machado893@email.com;(31) 942846253
Larissa Freitas;10000000894;larissa.freitas894@email.com;(31) 924095512
Elaine Neves;10000000895;elaine.neves895@email.com;(31) 962252648
Luiz Teixeira;10000000896;luiz.teixeira896@email.com;(31) 982975677
Paula Neves;10000000897;paula.neves897@email.com;(31) 917980316
Carla Souza;10000000898;carla.souza898@email.com;(31) 936396253
Paula Oliveira;10000000899;paula.oliveira899@email.com;(31) 971386567
Marcos Pereira;10000000900;marcos.pereira900@email.com;(31) 973343101
Otávio Dias;10000000901;otávio.dias901@email.com;(31) 931962560
Renato Ribeiro;10000000902;renato.ribeiro902@email.com;(31) 978972598
Guilherme Cavalcante;10000000903;guilherme.cavalcante903@email.com;(31) 940606281
Renato Monteiro;10000000904;renato.monteiro904@email.com;(31) 952559319
Gabriela Martins;10000000905;gabriela.martins905@email.com;(31) 919955726
Luiz Rocha;10000000906;luiz.rocha906@email.com;(31) 981768778
Igor Cardoso;10000000907;igor.cardoso907@email.com;(31) 973846803
Igor Oliveira;10000000908;igor.oliveira908@email.com;(31) 949497373
Daniel Cardoso;10000000909;daniel.cardoso909@email.com;(31) 910069374
Bruno Nogueira;10000000910;bruno.nogueira910@email.com;(31) 972202637
Eduarda Monteiro;10000000911;eduarda.monteiro911@email.com;(31) 920494537
Sofia Dias;10000000912;sofia.dias912@email.com;(31) 941386049
Ricardo Neves;10000000913;ricardo.neves913@email.com;(31) 978991401
Camila Fonseca;10000000914;camila.fonseca914@email.com;(31) 973591248
Maria Fernandes;10000000915;maria.fernandes915@email.com;(31) 935031542
Orlando Martins;10000000916;orlando.martins916@email.com;(31) 951056803
Helena Costa;10000000917;helena.costa917@email.com;(31) 951869183
Sofia Neves;10000000918;sofia.neves918@email.com;(31) 931159533
André Martins;10000000919;andré.martins919@email.com;(31) 983694612
Daniel Pereira;10000000920;daniel.pereira920@email.com;(31) 918953275
João Fonseca;10000000921;joão.fonseca921@email.com;(31) 910203136
Diego Teixeira;10000000922;diego.teixeira922@email.com;(31) 939085656
Otávio Cavalcante;10000000923;otávio.cavalcante923@email.com;(31) 945839105
Orlando Fonseca;10000000924;orlando.fonseca924@email.com;(31) 940144740
Vanessa Moreira;10000000925;vanessa.moreira925@email.com;(31) 998304255
Helena Melo;10000000926;helena.melo926@email.com;(31) 952146314
Otávio Gomes;10000000927;otávio.gomes927@email.com;(31) 928101796
Patrícia Monteiro;10000000928;patrícia.monteiro928@email.com;(31) 910870455
Vanessa Souza;10000000929;vanessa.souza929@email.com;(31) 993500777
Larissa Fernandes;10000000930;larissa.fernandes930@email.com;(31) 916627503
Juliana Gomes;10000000931;juliana.gomes931@email.com;(31) 967111154
Patrícia Pereira;10000000932;patrícia.pereira932@email.com;(31) 941179124
Igor Nogueira;10000000933;igor.nogueira933@email.com;(31) 918570192
Felipe Cavalcante;10000000934;felipe.cavalcante934@email.com;(31) 912018133
Patrícia Dias;10000000935;patrícia.dias935@email.com;(31) 960833841
Patrícia Oliveira;10000000936;patrícia.oliveira936@email.com;(31) 985508127
Otávio Rocha;10000000937;otávio.rocha937@email.com;(31) 956890567
Fernando Melo;10000000938;fernando.melo938@email.com;(31) 931793306
Ricardo Rodrigues;10000000939;ricardo.rodrigues939@email.com;(31) 955399354
Maria Silva;10000000940;maria.silva940@email.com;(31) 980225878
Camila Lima;10000000941;camila.lima941@email.com;(31) 934528624
Eduarda Almeida;10000000942;eduarda.almeida942@email.com;(31) 966530142
Marcos Freitas;10000000943;marcos.freitas943@email.com;(31) 976101663
Larissa Lima;10000000944;larissa.lima944@email.com;(31) 982221686
Guilherme Nogueira;10000000945;guilherme.nogueira945@email.com;(31) 992173592
Marcos Vieira;10000000946;marcos.vieira946@email.com;(31) 947309580
João Pereira;10000000947;joão.pereira947@email.com;(31) 917255213
Isabela Fernandes;10000000948;isabela.fernandes948@email.com;(31) 954066562
Pedro Dias;10000000949;pedro.dias949@email.com;(31) 930957859
Felipe Freitas;10000000950;felipe.freitas950@email.com;(31) 950376001
Isabela Cardoso;10000000951;isabela.cardoso951@email.com;(31) 918472820
Helena Ribeiro;10000000952;helena.ribeiro952@email.com;(31) 975552423
Quezia Neves;10000000953;quezia.neves953@email.com;(31) 952609098
Quezia Cavalcante;10000000954;quezia.cavalcante954@email.com;(31) 945000267
Orlando Melo;10000000955;orlando.melo955@email.com;(31) 913879710
Felipe Oliveira;10000000956;felipe.oliveira956@email.com;(31) 974275197
Tiago Monteiro;10000000957;tiago.monteiro957@email.com;(31) 959714125
Eduarda Fernandes;10000000958;eduarda.fernandes958@email.com;(31) 983970004
Bruno Pereira;10000000959;bruno.pereira959@email.com;(31) 944093023
Juliana Souza;10000000960;juliana.souza960@email.com;(31) 932842652
Daniel Fernandes;10000000961;daniel.fernandes961@email.com;(31) 977190690
Elaine Santos;10000000962;elaine.santos962@email.com;(31) 954638849
Sofia Teixeira;10000000963;sofia.teixeira963@email.com;(31) 964893149
Tiago Santos;10000000964;tiago.santos964@email.com;(31) 975440812
Felipe Souza;10000000965;felipe.souza965@email.com;(31) 976656461
Ricardo Batista;10000000966;ricardo.batista966@email.com;(31) 923246816
André Rocha;10000000967;andré.rocha967@email.com;(31) 958598303
Carla Teixeira;10000000968;carla.teixeira968@email.com;(31) 912931222
Luiz Cavalcante;10000000969;luiz.cavalcante969@email.com;(31) 975099603
Carla Silva;10000000970;carla.silva970@email.com;(31) 994421669
Luiz Dias;10000000971;luiz.dias971@email.com;(31) 914728033
Felipe Almeida;10000000972;felipe.almeida972@email.com;(31) 954196897
Isabela Batista;10000000973;isabela.batista973@email.com;(31) 919937575
Vanessa Almeida;10000000974;vanessa.almeida974@email.com;(31) 939956120
Renato Neves;10000000975;renato.neves975@email.com;(31) 918750002
João Teixeira;10000000976;joão.teixeira976@email.com;(31) 950216778
Elaine Melo;10000000977;elaine.melo977@email.com;(31) 983162600
Ana Lima;10000000978;ana.lima978@email.com;(31) 976927014
Ana Vieira;10000000979;ana.vieira979@email.com;(31) 914577464
Diego Fernandes;10000000980;diego.fernandes980@email.com;(31) 937508606
Diego Almeida;10000000981;diego.almeida981@email.com;(31) 963159097
Gabriela Neves;10000000982;gabriela.neves982@email.com;(31) 961201006
Henrique Santos;10000000983;henrique.santos983@email.com;(31) 945087175
Bruno Monteiro;10000000984;bruno.monteiro984@email.com;(31) 978123434
Daniel Machado;10000000985;daniel.machado985@email.com;(31) 994321387
Sofia Silva;10000000986;sofia.silva986@email.com;(31) 985200251
Ana Rodrigues;10000000987;ana.rodrigues987@email.com;(31) 926148127
Gabriela Nogueira;10000000988;gabriela.nogueira988@email.com;(31) 981276722
Helena Freitas;10000000989;helena.freitas989@email.com;(31) 937138495
Nicolas Fernandes;10000000990;nicolas.fernandes990@email.com;(31) 997668489
Vanessa Cavalcante;10000000991;vanessa.cavalcante991@email.com;(31) 914072752
Elaine Gomes;10000000992;elaine.gomes992@email.com;(31) 997520006
Patrícia Silva;10000000993;patrícia.silva993@email.com;(31) 945377575
Ricardo Freitas;10000000994;ricardo.freitas994@email.com;(31) 936153653
Ricardo Oliveira;10000000995;ricardo.oliveira995@email.com;(31) 987777406
Bruno Machado;10000000996;bruno.machado996@email.com;(31) 912289596
Camila Santos;10000000997;camila.santos997@email.com;(31) 977598033
Gabriela Gomes;10000000998;gabriela.gomes998@email.com;(31) 925266581
Gabriela Santos;10000000999;gabriela.santos999@email.com;(31) 991679278
Eduarda Lima;10000001000;eduarda.lima1000@email.com;(31) 956731229
